area,bedrooms,age,location,price
1510.0,2.0,33.0,Suburb,72.0
1944.0,3.0,4.0,City,149.3
1780.0,2.0,33.0,City,98.8
1745.0,2.0,14.0,City,96.9
2288.0,4.0,21.0,City,170.0
2819.0,5.0,20.0,Suburb,193.5
1116.0,2.0,8.0,City,88.0
,3.0,7.0,Suburb,121.8
980.0,2.0,3.0,City,88.9
2132.0,3.0,17.0,City,159.7
2785.0,4.0,33.0,City,186.6
780.0,2.0,12.0,City,72.4
2335.0,4.0,22.0,Suburb,142.3
1419.0,3.0,22.0,Suburb,83.5
3041.0,3.0,30.0,City,178.2
2165.0,4.0,8.0,Suburb,140.4
3083.0,5.0,27.0,City,210.0
1865.0,3.0,27.0,Suburb,102.2
1605.0,3.0,34.0,City,106.6
2974.0,3.0,21.0,Suburb,161.1
1834.0,3.0,30.0,City,125.0
1109.0,2.0,33.0,City,61.0
671.0,2.0,28.0,City,52.9
2950.0,4.0,33.0,City,188.2
1397.0,2.0,,City,95.9
1124.0,1.0,19.0,City,81.6
1732.0,3.0,4.0,Suburb,112.6
2697.0,4.0,35.0,City,187.1
1625.0,2.0,17.0,City,122.0
2456.0,4.0,28.0,Suburb,137.9
839.0,1.0,30.0,Suburb,38.0
1212.0,2.0,29.0,City,71.7
2549.0,4.0,6.0,City,176.6
1917.0,3.0,35.0,Suburb,97.7
2178.0,3.0,24.0,City,155.4
1296.0,1.0,29.0,Suburb,40.6
2718.0,4.0,31.0,Suburb,162.2
2864.0,5.0,35.0,City,197.1
1947.0,3.0,33.0,City,129.7
3085.0,5.0,21.0,Suburb,197.6
1250.0,1.0,32.0,City,63.5
3013.0,4.0,23.0,City,205.8
2711.0,4.0,33.0,Suburb,150.5
891.0,1.0,3.0,Suburb,38.0
2691.0,4.0,18.0,Suburb,164.9
2013.0,3.0,25.0,Suburb,107.6
2789.0,5.0,31.0,Suburb,178.2
2040.0,3.0,3.0,Suburb,129.4
2128.0,3.0,24.0,Suburb,120.9
1425.0,2.0,32.0,Suburb,70.1
684.0,1.0,22.0,Suburb,38.0
2903.0,,23.0,City,193.7
2605.0,4.0,2.0,Suburb,177.7
2235.0,5.0,27.0,Suburb,133.7
1671.0,2.0,2.0,Suburb,98.5
1779.0,3.0,26.0,Suburb,93.1
2150.0,3.0,17.0,Suburb,137.1
1352.0,1.0,33.0,City,71.2
3099.0,5.0,9.0,City,210.0
2229.0,4.0,29.0,City,148.6
811.0,2.0,26.0,City,57.9
851.0,1.0,35.0,City,41.9
2631.0,5.0,25.0,Suburb,167.7
1645.0,2.0,24.0,City,100.2
2967.0,5.0,13.0,Suburb,182.5
1465.0,3.0,7.0,City,114.9
1105.0,1.0,20.0,Suburb,44.7
1925.0,3.0,1.0,City,139.3
1666.0,3.0,8.0,City,126.9
2993.0,4.0,16.0,City,193.0
987.0,1.0,14.0,Suburb,60.4
1528.0,2.0,12.0,City,99.6
1726.0,2.0,23.0,Suburb,86.2
1441.0,2.0,15.0,City,100.2
2914.0,4.0,28.0,City,203.1
1413.0,3.0,34.0,Suburb,61.6
2885.0,4.0,2.0,,210.0
1029.0,1.0,32.0,City,66.4
1142.0,2.0,23.0,Suburb,56.4
1830.0,2.0,22.0,Suburb,89.0
2712.0,4.0,25.0,Suburb,159.7
714.0,2.0,22.0,City,68.5
2017.0,2.0,22.0,City,125.1
1802.0,3.0,6.0,Suburb,126.2
2677.0,4.0,15.0,Suburb,167.8
2145.0,4.0,33.0,Suburb,131.9
1812.0,2.0,8.0,City,130.2
2172.0,3.0,5.0,Suburb,133.8
1041.0,2.0,4.0,Suburb,78.7
2348.0,4.0,6.0,City,178.2
1068.0,2.0,32.0,City,70.9
2986.0,5.0,30.0,City,207.9
,1.0,35.0,City,63.3
2446.0,4.0,16.0,City,180.2
2928.0,5.0,13.0,City,202.3
2738.0,4.0,30.0,City,175.6
2832.0,5.0,19.0,City,197.4
850.0,2.0,17.0,Suburb,41.5
2513.0,3.0,19.0,Suburb,139.4
1429.0,3.0,28.0,City,96.4
